[{"model": "contenttypes.contenttype", "pk": 1, "fields": {"app_label": "admin", "model": "logentry"}}, {"model": "contenttypes.contenttype", "pk": 2, "fields": {"app_label": "auth", "model": "permission"}}, {"model": "contenttypes.contenttype", "pk": 3, "fields": {"app_label": "auth", "model": "group"}}, {"model": "contenttypes.contenttype", "pk": 4, "fields": {"app_label": "auth", "model": "user"}}, {"model": "contenttypes.contenttype", "pk": 5, "fields": {"app_label": "contenttypes", "model": "contenttype"}}, {"model": "contenttypes.contenttype", "pk": 6, "fields": {"app_label": "sessions", "model": "session"}}, {"model": "contenttypes.contenttype", "pk": 7, "fields": {"app_label": "tiaprojekt", "model": "kviz_def"}}, {"model": "contenttypes.contenttype", "pk": 8, "fields": {"app_label": "tiaprojekt", "model": "otazka_def"}}, {"model": "contenttypes.contenttype", "pk": 9, "fields": {"app_label": "tiaprojekt", "model": "odpoved_def"}}, {"model": "contenttypes.contenttype", "pk": 10, "fields": {"app_label": "tiaprojekt", "model": "odpoved"}}, {"model": "contenttypes.contenttype", "pk": 11, "fields": {"app_label": "tiaprojekt", "model": "pokus"}}, {"model": "contenttypes.contenttype", "pk": 12, "fields": {"app_label": "tiaprojekt", "model": "skusanie"}}, {"model": "tiaprojekt.kviz_def", "pk": 1, "fields": {"kviz_nazov": "Testovaci kviz", "kviz_predmet": "Test", "kviz_typ": "Pisomka", "kviz_vytvoreny": "2020-04-17"}}, {"model": "tiaprojekt.kviz_def", "pk": 2, "fields": {"kviz_nazov": "TestKviz2", "kviz_predmet": "Test", "kviz_typ": "Pisomka", "kviz_vytvoreny": "2020-04-17"}}, {"model": "tiaprojekt.kviz_def", "pk": 5, "fields": {"kviz_nazov": "Vzorka 3", "kviz_predmet": "predmet vzor", "kviz_typ": "zapocet", "kviz_vytvoreny": "2020-04-19"}}, {"model": "tiaprojekt.otazka_def", "pk": 1, "fields": {"kviz_id": 1, "otazka_znenie": "Kolko percent ludi sveta su lavaci?"}}, {"model": "tiaprojekt.otazka_def", "pk": 2, "fields": {"kviz_id": 1, "otazka_znenie": "Oko pstrosa je vacsie nez jeho mozog"}}, {"model": "tiaprojekt.otazka_def", "pk": 3, "fields": {"kviz_id": 1, "otazka_znenie": "Najviac kolkokrat vies poskladat papier, pricom na velkosti papiera nezalezi?"}}, {"model": "tiaprojekt.otazka_def", "pk": 4, "fields": {"kviz_id": 2, "otazka_znenie": "Aka pricut zmrzliny je najoblubenejsia v USA?"}}, {"model": "tiaprojekt.odpoved_def", "pk": 1, "fields": {"otazka_id": 1, "odpoved_znenie": "20%", "odpoved_body": 0, "odpoved_spravna": false}}, {"model": "tiaprojekt.odpoved_def", "pk": 2, "fields": {"otazka_id": 1, "odpoved_znenie": "11%", "odpoved_body": 10, "odpoved_spravna": true}}, {"model": "tiaprojekt.odpoved_def", "pk": 3, "fields": {"otazka_id": 1, "odpoved_znenie": "menej nez 11%", "odpoved_body": 0, "odpoved_spravna": false}}, {"model": "tiaprojekt.odpoved_def", "pk": 4, "fields": {"otazka_id": 1, "odpoved_znenie": "viac nez 20%", "odpoved_body": 0, "odpoved_spravna": false}}, {"model": "tiaprojekt.odpoved_def", "pk": 5, "fields": {"otazka_id": 2, "odpoved_znenie": "Pravda", "odpoved_body": 10, "odpoved_spravna": true}}, {"model": "tiaprojekt.odpoved_def", "pk": 6, "fields": {"otazka_id": 2, "odpoved_znenie": "Loz", "odpoved_body": 0, "odpoved_spravna": false}}, {"model": "tiaprojekt.odpoved_def", "pk": 7, "fields": {"otazka_id": 3, "odpoved_znenie": "max 7 krat", "odpoved_body": 10, "odpoved_spravna": true}}, {"model": "tiaprojekt.odpoved_def", "pk": 8, "fields": {"otazka_id": 3, "odpoved_znenie": "viac nez 7 krat", "odpoved_body": 0, "odpoved_spravna": false}}, {"model": "tiaprojekt.odpoved_def", "pk": 9, "fields": {"otazka_id": 4, "odpoved_znenie": "vanilka", "odpoved_body": 10, "odpoved_spravna": true}}, {"model": "tiaprojekt.odpoved_def", "pk": 10, "fields": {"otazka_id": 4, "odpoved_znenie": "cokolada", "odpoved_body": 0, "odpoved_spravna": false}}, {"model": "tiaprojekt.pokus", "pk": 67, "fields": {"kviz_id": 1, "pokus_datum": "2020-04-19", "pokus_zaciatok": "19:53:40.391", "pokus_koniec": "19:53:40.391", "pokus_uhadol": 0, "pokus_neuhadol": 0, "pokus_neodpovedal": 0, "pokus_body": 0}}, {"model": "tiaprojekt.pokus", "pk": 68, "fields": {"kviz_id": 1, "pokus_datum": "2020-04-19", "pokus_zaciatok": "19:56:33.872", "pokus_koniec": "19:56:33.872", "pokus_uhadol": 0, "pokus_neuhadol": 0, "pokus_neodpovedal": 0, "pokus_body": 0}}, {"model": "tiaprojekt.pokus", "pk": 69, "fields": {"kviz_id": 1, "pokus_datum": "2020-04-19", "pokus_zaciatok": "19:56:49.607", "pokus_koniec": "19:56:49.607", "pokus_uhadol": 0, "pokus_neuhadol": 0, "pokus_neodpovedal": 0, "pokus_body": 0}}, {"model": "tiaprojekt.pokus", "pk": 70, "fields": {"kviz_id": 1, "pokus_datum": "2020-04-19", "pokus_zaciatok": "20:00:17.404", "pokus_koniec": "20:00:17.404", "pokus_uhadol": 0, "pokus_neuhadol": 0, "pokus_neodpovedal": 0, "pokus_body": 0}}, {"model": "tiaprojekt.pokus", "pk": 71, "fields": {"kviz_id": 1, "pokus_datum": "2020-04-19", "pokus_zaciatok": "20:02:36.012", "pokus_koniec": "20:02:36.012", "pokus_uhadol": 0, "pokus_neuhadol": 0, "pokus_neodpovedal": 0, "pokus_body": 0}}, {"model": "tiaprojekt.pokus", "pk": 72, "fields": {"kviz_id": 1, "pokus_datum": "2020-04-19", "pokus_zaciatok": "20:04:33.549", "pokus_koniec": "20:04:33.549", "pokus_uhadol": 0, "pokus_neuhadol": 0, "pokus_neodpovedal": 0, "pokus_body": 0}}, {"model": "tiaprojekt.pokus", "pk": 73, "fields": {"kviz_id": 1, "pokus_datum": "2020-04-19", "pokus_zaciatok": "20:04:53.171", "pokus_koniec": "20:04:53.171", "pokus_uhadol": 0, "pokus_neuhadol": 0, "pokus_neodpovedal": 0, "pokus_body": 0}}, {"model": "tiaprojekt.pokus", "pk": 74, "fields": {"kviz_id": 1, "pokus_datum": "2020-04-19", "pokus_zaciatok": "20:05:47.167", "pokus_koniec": "20:05:47.167", "pokus_uhadol": 0, "pokus_neuhadol": 0, "pokus_neodpovedal": 0, "pokus_body": 0}}, {"model": "tiaprojekt.pokus", "pk": 75, "fields": {"kviz_id": 1, "pokus_datum": "2020-04-19", "pokus_zaciatok": "20:27:06.729", "pokus_koniec": "20:27:06.729", "pokus_uhadol": 0, "pokus_neuhadol": 0, "pokus_neodpovedal": 0, "pokus_body": 0}}, {"model": "tiaprojekt.pokus", "pk": 76, "fields": {"kviz_id": 1, "pokus_datum": "2020-04-19", "pokus_zaciatok": "20:27:58.111", "pokus_koniec": "20:27:58.111", "pokus_uhadol": 0, "pokus_neuhadol": 0, "pokus_neodpovedal": 0, "pokus_body": 0}}, {"model": "tiaprojekt.pokus", "pk": 77, "fields": {"kviz_id": 1, "pokus_datum": "2020-04-19", "pokus_zaciatok": "20:30:13.743", "pokus_koniec": "20:30:13.743", "pokus_uhadol": 0, "pokus_neuhadol": 0, "pokus_neodpovedal": 0, "pokus_body": 0}}, {"model": "tiaprojekt.pokus", "pk": 78, "fields": {"kviz_id": 1, "pokus_datum": "2020-04-19", "pokus_zaciatok": "20:30:36.705", "pokus_koniec": "20:30:36.705", "pokus_uhadol": 0, "pokus_neuhadol": 0, "pokus_neodpovedal": 0, "pokus_body": 0}}, {"model": "tiaprojekt.pokus", "pk": 79, "fields": {"kviz_id": 1, "pokus_datum": "2020-04-19", "pokus_zaciatok": "20:30:58.636", "pokus_koniec": "20:30:58.636", "pokus_uhadol": 0, "pokus_neuhadol": 0, "pokus_neodpovedal": 0, "pokus_body": 0}}, {"model": "tiaprojekt.pokus", "pk": 80, "fields": {"kviz_id": 1, "pokus_datum": "2020-04-19", "pokus_zaciatok": "20:31:33.177", "pokus_koniec": "20:31:33.177", "pokus_uhadol": 0, "pokus_neuhadol": 0, "pokus_neodpovedal": 0, "pokus_body": 0}}, {"model": "tiaprojekt.pokus", "pk": 81, "fields": {"kviz_id": 1, "pokus_datum": "2020-04-19", "pokus_zaciatok": "20:32:42.672", "pokus_koniec": "20:32:42.672", "pokus_uhadol": 0, "pokus_neuhadol": 0, "pokus_neodpovedal": 0, "pokus_body": 0}}, {"model": "tiaprojekt.pokus", "pk": 82, "fields": {"kviz_id": 1, "pokus_datum": "2020-04-19", "pokus_zaciatok": "20:33:00.019", "pokus_koniec": "20:33:00.019", "pokus_uhadol": 0, "pokus_neuhadol": 0, "pokus_neodpovedal": 0, "pokus_body": 0}}, {"model": "tiaprojekt.pokus", "pk": 83, "fields": {"kviz_id": 1, "pokus_datum": "2020-04-19", "pokus_zaciatok": "20:34:00.089", "pokus_koniec": "20:34:00.089", "pokus_uhadol": 0, "pokus_neuhadol": 0, "pokus_neodpovedal": 0, "pokus_body": 0}}, {"model": "tiaprojekt.pokus", "pk": 84, "fields": {"kviz_id": 1, "pokus_datum": "2020-04-19", "pokus_zaciatok": "20:34:28.561", "pokus_koniec": "20:34:28.561", "pokus_uhadol": 0, "pokus_neuhadol": 0, "pokus_neodpovedal": 0, "pokus_body": 0}}, {"model": "tiaprojekt.pokus", "pk": 85, "fields": {"kviz_id": 1, "pokus_datum": "2020-04-19", "pokus_zaciatok": "20:38:21.731", "pokus_koniec": "20:38:21.731", "pokus_uhadol": 0, "pokus_neuhadol": 0, "pokus_neodpovedal": 0, "pokus_body": 0}}, {"model": "tiaprojekt.pokus", "pk": 86, "fields": {"kviz_id": 1, "pokus_datum": "2020-04-19", "pokus_zaciatok": "20:39:29.383", "pokus_koniec": "20:39:29.383", "pokus_uhadol": 0, "pokus_neuhadol": 0, "pokus_neodpovedal": 0, "pokus_body": 0}}, {"model": "tiaprojekt.pokus", "pk": 87, "fields": {"kviz_id": 1, "pokus_datum": "2020-04-19", "pokus_zaciatok": "20:39:55.933", "pokus_koniec": "20:39:55.933", "pokus_uhadol": 0, "pokus_neuhadol": 0, "pokus_neodpovedal": 0, "pokus_body": 0}}, {"model": "tiaprojekt.pokus", "pk": 88, "fields": {"kviz_id": 1, "pokus_datum": "2020-04-19", "pokus_zaciatok": "20:45:04.328", "pokus_koniec": "20:45:04.328", "pokus_uhadol": 0, "pokus_neuhadol": 0, "pokus_neodpovedal": 0, "pokus_body": 0}}, {"model": "tiaprojekt.pokus", "pk": 89, "fields": {"kviz_id": 1, "pokus_datum": "2020-04-19", "pokus_zaciatok": "20:45:07.437", "pokus_koniec": "20:45:07.437", "pokus_uhadol": 0, "pokus_neuhadol": 0, "pokus_neodpovedal": 0, "pokus_body": 0}}, {"model": "tiaprojekt.pokus", "pk": 90, "fields": {"kviz_id": 1, "pokus_datum": "2020-04-19", "pokus_zaciatok": "20:45:31.476", "pokus_koniec": "20:45:31.476", "pokus_uhadol": 0, "pokus_neuhadol": 0, "pokus_neodpovedal": 0, "pokus_body": 0}}, {"model": "tiaprojekt.pokus", "pk": 91, "fields": {"kviz_id": 1, "pokus_datum": "2020-04-19", "pokus_zaciatok": "20:46:17.182", "pokus_koniec": "20:46:17.182", "pokus_uhadol": 0, "pokus_neuhadol": 0, "pokus_neodpovedal": 0, "pokus_body": 0}}, {"model": "tiaprojekt.pokus", "pk": 92, "fields": {"kviz_id": 1, "pokus_datum": "2020-04-19", "pokus_zaciatok": "20:46:29.490", "pokus_koniec": "20:46:29.490", "pokus_uhadol": 0, "pokus_neuhadol": 0, "pokus_neodpovedal": 0, "pokus_body": 0}}, {"model": "tiaprojekt.pokus", "pk": 93, "fields": {"kviz_id": 1, "pokus_datum": "2020-04-19", "pokus_zaciatok": "20:46:39.203", "pokus_koniec": "20:46:39.203", "pokus_uhadol": 0, "pokus_neuhadol": 0, "pokus_neodpovedal": 0, "pokus_body": 0}}, {"model": "tiaprojekt.pokus", "pk": 94, "fields": {"kviz_id": 1, "pokus_datum": "2020-04-19", "pokus_zaciatok": "20:46:57.667", "pokus_koniec": "20:46:57.667", "pokus_uhadol": 0, "pokus_neuhadol": 0, "pokus_neodpovedal": 0, "pokus_body": 0}}, {"model": "tiaprojekt.pokus", "pk": 95, "fields": {"kviz_id": 1, "pokus_datum": "2020-04-19", "pokus_zaciatok": "20:47:33.778", "pokus_koniec": "20:47:33.778", "pokus_uhadol": 0, "pokus_neuhadol": 0, "pokus_neodpovedal": 0, "pokus_body": 0}}, {"model": "tiaprojekt.pokus", "pk": 96, "fields": {"kviz_id": 1, "pokus_datum": "2020-04-19", "pokus_zaciatok": "20:52:34.252", "pokus_koniec": "20:52:34.252", "pokus_uhadol": 0, "pokus_neuhadol": 0, "pokus_neodpovedal": 0, "pokus_body": 0}}, {"model": "tiaprojekt.pokus", "pk": 97, "fields": {"kviz_id": 1, "pokus_datum": "2020-04-19", "pokus_zaciatok": "20:53:13.299", "pokus_koniec": "20:53:13.299", "pokus_uhadol": 0, "pokus_neuhadol": 0, "pokus_neodpovedal": 0, "pokus_body": 0}}, {"model": "tiaprojekt.pokus", "pk": 98, "fields": {"kviz_id": 1, "pokus_datum": "2020-04-19", "pokus_zaciatok": "20:53:50.023", "pokus_koniec": "20:53:50.023", "pokus_uhadol": 0, "pokus_neuhadol": 0, "pokus_neodpovedal": 0, "pokus_body": 0}}, {"model": "tiaprojekt.pokus", "pk": 99, "fields": {"kviz_id": 1, "pokus_datum": "2020-04-19", "pokus_zaciatok": "20:56:08.373", "pokus_koniec": "20:56:08.373", "pokus_uhadol": 0, "pokus_neuhadol": 0, "pokus_neodpovedal": 0, "pokus_body": 0}}, {"model": "tiaprojekt.pokus", "pk": 100, "fields": {"kviz_id": 1, "pokus_datum": "2020-04-19", "pokus_zaciatok": "20:56:17.180", "pokus_koniec": "20:56:17.180", "pokus_uhadol": 0, "pokus_neuhadol": 0, "pokus_neodpovedal": 0, "pokus_body": 0}}, {"model": "tiaprojekt.pokus", "pk": 101, "fields": {"kviz_id": 1, "pokus_datum": "2020-04-19", "pokus_zaciatok": "20:56:30.871", "pokus_koniec": "20:56:30.871", "pokus_uhadol": 0, "pokus_neuhadol": 0, "pokus_neodpovedal": 0, "pokus_body": 0}}, {"model": "tiaprojekt.pokus", "pk": 102, "fields": {"kviz_id": 1, "pokus_datum": "2020-04-19", "pokus_zaciatok": "20:57:14.479", "pokus_koniec": "20:57:14.479", "pokus_uhadol": 0, "pokus_neuhadol": 0, "pokus_neodpovedal": 0, "pokus_body": 0}}, {"model": "tiaprojekt.pokus", "pk": 103, "fields": {"kviz_id": 1, "pokus_datum": "2020-04-19", "pokus_zaciatok": "20:57:36.282", "pokus_koniec": "20:57:36.282", "pokus_uhadol": 0, "pokus_neuhadol": 0, "pokus_neodpovedal": 0, "pokus_body": 0}}, {"model": "tiaprojekt.pokus", "pk": 104, "fields": {"kviz_id": 1, "pokus_datum": "2020-04-19", "pokus_zaciatok": "20:58:03.924", "pokus_koniec": "20:58:03.924", "pokus_uhadol": 0, "pokus_neuhadol": 0, "pokus_neodpovedal": 0, "pokus_body": 0}}, {"model": "tiaprojekt.pokus", "pk": 105, "fields": {"kviz_id": 1, "pokus_datum": "2020-04-19", "pokus_zaciatok": "20:58:20.508", "pokus_koniec": "20:58:20.508", "pokus_uhadol": 0, "pokus_neuhadol": 0, "pokus_neodpovedal": 0, "pokus_body": 0}}, {"model": "tiaprojekt.pokus", "pk": 106, "fields": {"kviz_id": 1, "pokus_datum": "2020-04-19", "pokus_zaciatok": "20:58:35.043", "pokus_koniec": "20:58:35.043", "pokus_uhadol": 0, "pokus_neuhadol": 0, "pokus_neodpovedal": 0, "pokus_body": 0}}, {"model": "tiaprojekt.pokus", "pk": 107, "fields": {"kviz_id": 1, "pokus_datum": "2020-04-19", "pokus_zaciatok": "20:59:12.235", "pokus_koniec": "20:59:12.235", "pokus_uhadol": 0, "pokus_neuhadol": 0, "pokus_neodpovedal": 0, "pokus_body": 0}}, {"model": "tiaprojekt.pokus", "pk": 108, "fields": {"kviz_id": 1, "pokus_datum": "2020-04-19", "pokus_zaciatok": "20:59:59.106", "pokus_koniec": "20:59:59.106", "pokus_uhadol": 0, "pokus_neuhadol": 0, "pokus_neodpovedal": 0, "pokus_body": 0}}, {"model": "tiaprojekt.pokus", "pk": 109, "fields": {"kviz_id": 1, "pokus_datum": "2020-04-19", "pokus_zaciatok": "21:04:25.341", "pokus_koniec": "21:04:25.341", "pokus_uhadol": 0, "pokus_neuhadol": 0, "pokus_neodpovedal": 0, "pokus_body": 0}}, {"model": "tiaprojekt.pokus", "pk": 110, "fields": {"kviz_id": 1, "pokus_datum": "2020-04-19", "pokus_zaciatok": "21:04:41.838", "pokus_koniec": "21:04:41.838", "pokus_uhadol": 0, "pokus_neuhadol": 0, "pokus_neodpovedal": 0, "pokus_body": 0}}, {"model": "tiaprojekt.pokus", "pk": 111, "fields": {"kviz_id": 1, "pokus_datum": "2020-04-19", "pokus_zaciatok": "21:05:05.968", "pokus_koniec": "21:05:05.968", "pokus_uhadol": 0, "pokus_neuhadol": 0, "pokus_neodpovedal": 0, "pokus_body": 0}}, {"model": "tiaprojekt.pokus", "pk": 112, "fields": {"kviz_id": 1, "pokus_datum": "2020-04-19", "pokus_zaciatok": "21:05:27.211", "pokus_koniec": "21:05:27.211", "pokus_uhadol": 0, "pokus_neuhadol": 0, "pokus_neodpovedal": 0, "pokus_body": 0}}, {"model": "tiaprojekt.pokus", "pk": 113, "fields": {"kviz_id": 1, "pokus_datum": "2020-04-19", "pokus_zaciatok": "21:06:47.429", "pokus_koniec": "21:06:47.429", "pokus_uhadol": 0, "pokus_neuhadol": 0, "pokus_neodpovedal": 0, "pokus_body": 0}}, {"model": "tiaprojekt.pokus", "pk": 114, "fields": {"kviz_id": 1, "pokus_datum": "2020-04-19", "pokus_zaciatok": "21:07:04.780", "pokus_koniec": "21:07:04.780", "pokus_uhadol": 0, "pokus_neuhadol": 0, "pokus_neodpovedal": 0, "pokus_body": 0}}, {"model": "tiaprojekt.pokus", "pk": 115, "fields": {"kviz_id": 1, "pokus_datum": "2020-04-19", "pokus_zaciatok": "21:08:53.515", "pokus_koniec": "21:08:53.515", "pokus_uhadol": 0, "pokus_neuhadol": 0, "pokus_neodpovedal": 0, "pokus_body": 0}}, {"model": "tiaprojekt.pokus", "pk": 116, "fields": {"kviz_id": 1, "pokus_datum": "2020-04-19", "pokus_zaciatok": "21:09:04.378", "pokus_koniec": "21:09:04.378", "pokus_uhadol": 0, "pokus_neuhadol": 0, "pokus_neodpovedal": 0, "pokus_body": 0}}, {"model": "tiaprojekt.pokus", "pk": 117, "fields": {"kviz_id": 1, "pokus_datum": "2020-04-19", "pokus_zaciatok": "21:09:53.126", "pokus_koniec": "21:09:53.126", "pokus_uhadol": 0, "pokus_neuhadol": 0, "pokus_neodpovedal": 0, "pokus_body": 0}}, {"model": "tiaprojekt.pokus", "pk": 118, "fields": {"kviz_id": 1, "pokus_datum": "2020-04-19", "pokus_zaciatok": "21:10:03.904", "pokus_koniec": "21:10:03.904", "pokus_uhadol": 0, "pokus_neuhadol": 0, "pokus_neodpovedal": 0, "pokus_body": 0}}, {"model": "tiaprojekt.pokus", "pk": 119, "fields": {"kviz_id": 1, "pokus_datum": "2020-04-19", "pokus_zaciatok": "21:10:22.730", "pokus_koniec": "21:10:22.730", "pokus_uhadol": 0, "pokus_neuhadol": 0, "pokus_neodpovedal": 0, "pokus_body": 0}}, {"model": "tiaprojekt.pokus", "pk": 120, "fields": {"kviz_id": 1, "pokus_datum": "2020-04-19", "pokus_zaciatok": "21:12:23.616", "pokus_koniec": "21:12:23.616", "pokus_uhadol": 0, "pokus_neuhadol": 0, "pokus_neodpovedal": 0, "pokus_body": 0}}, {"model": "tiaprojekt.odpoved", "pk": 2643, "fields": {"pokus_id": 67, "otazka_id": 1, "odpoved_moja": 3}}, {"model": "tiaprojekt.odpoved", "pk": 2644, "fields": {"pokus_id": 67, "otazka_id": 2, "odpoved_moja": 5}}, {"model": "tiaprojekt.odpoved", "pk": 2645, "fields": {"pokus_id": 67, "otazka_id": 1, "odpoved_moja": 3}}, {"model": "tiaprojekt.odpoved", "pk": 2646, "fields": {"pokus_id": 67, "otazka_id": 2, "odpoved_moja": 5}}, {"model": "tiaprojekt.odpoved", "pk": 2647, "fields": {"pokus_id": 67, "otazka_id": 1, "odpoved_moja": 3}}, {"model": "tiaprojekt.odpoved", "pk": 2648, "fields": {"pokus_id": 67, "otazka_id": 2, "odpoved_moja": 5}}, {"model": "tiaprojekt.odpoved", "pk": 2649, "fields": {"pokus_id": 67, "otazka_id": 1, "odpoved_moja": 3}}, {"model": "tiaprojekt.odpoved", "pk": 2650, "fields": {"pokus_id": 67, "otazka_id": 2, "odpoved_moja": 5}}, {"model": "tiaprojekt.odpoved", "pk": 2651, "fields": {"pokus_id": 67, "otazka_id": 1, "odpoved_moja": 3}}, {"model": "tiaprojekt.odpoved", "pk": 2652, "fields": {"pokus_id": 67, "otazka_id": 2, "odpoved_moja": 5}}, {"model": "tiaprojekt.odpoved", "pk": 2653, "fields": {"pokus_id": 67, "otazka_id": 1, "odpoved_moja": 3}}, {"model": "tiaprojekt.odpoved", "pk": 2654, "fields": {"pokus_id": 67, "otazka_id": 2, "odpoved_moja": 5}}, {"model": "tiaprojekt.odpoved", "pk": 2655, "fields": {"pokus_id": 67, "otazka_id": 1, "odpoved_moja": 3}}, {"model": "tiaprojekt.odpoved", "pk": 2656, "fields": {"pokus_id": 67, "otazka_id": 2, "odpoved_moja": 5}}, {"model": "tiaprojekt.odpoved", "pk": 2657, "fields": {"pokus_id": 67, "otazka_id": 1, "odpoved_moja": 3}}, {"model": "tiaprojekt.odpoved", "pk": 2658, "fields": {"pokus_id": 67, "otazka_id": 2, "odpoved_moja": 5}}, {"model": "tiaprojekt.odpoved", "pk": 2659, "fields": {"pokus_id": 67, "otazka_id": 1, "odpoved_moja": 3}}, {"model": "tiaprojekt.odpoved", "pk": 2660, "fields": {"pokus_id": 67, "otazka_id": 2, "odpoved_moja": 5}}, {"model": "tiaprojekt.odpoved", "pk": 2661, "fields": {"pokus_id": 67, "otazka_id": 1, "odpoved_moja": 3}}, {"model": "tiaprojekt.odpoved", "pk": 2662, "fields": {"pokus_id": 67, "otazka_id": 2, "odpoved_moja": 5}}, {"model": "tiaprojekt.odpoved", "pk": 2663, "fields": {"pokus_id": 67, "otazka_id": 1, "odpoved_moja": 3}}, {"model": "tiaprojekt.odpoved", "pk": 2664, "fields": {"pokus_id": 67, "otazka_id": 2, "odpoved_moja": 5}}, {"model": "tiaprojekt.odpoved", "pk": 2665, "fields": {"pokus_id": 67, "otazka_id": 1, "odpoved_moja": 3}}, {"model": "tiaprojekt.odpoved", "pk": 2666, "fields": {"pokus_id": 67, "otazka_id": 2, "odpoved_moja": 5}}, {"model": "tiaprojekt.odpoved", "pk": 2667, "fields": {"pokus_id": 67, "otazka_id": 1, "odpoved_moja": 3}}, {"model": "tiaprojekt.odpoved", "pk": 2668, "fields": {"pokus_id": 67, "otazka_id": 2, "odpoved_moja": 5}}, {"model": "tiaprojekt.odpoved", "pk": 2669, "fields": {"pokus_id": 67, "otazka_id": 1, "odpoved_moja": 3}}, {"model": "tiaprojekt.odpoved", "pk": 2670, "fields": {"pokus_id": 67, "otazka_id": 2, "odpoved_moja": 5}}, {"model": "tiaprojekt.odpoved", "pk": 2671, "fields": {"pokus_id": 67, "otazka_id": 1, "odpoved_moja": 3}}, {"model": "tiaprojekt.odpoved", "pk": 2672, "fields": {"pokus_id": 67, "otazka_id": 2, "odpoved_moja": 5}}, {"model": "tiaprojekt.odpoved", "pk": 2673, "fields": {"pokus_id": 67, "otazka_id": 1, "odpoved_moja": 3}}, {"model": "tiaprojekt.odpoved", "pk": 2674, "fields": {"pokus_id": 67, "otazka_id": 2, "odpoved_moja": 5}}, {"model": "tiaprojekt.odpoved", "pk": 2675, "fields": {"pokus_id": 67, "otazka_id": 1, "odpoved_moja": 3}}, {"model": "tiaprojekt.odpoved", "pk": 2676, "fields": {"pokus_id": 67, "otazka_id": 2, "odpoved_moja": 5}}, {"model": "tiaprojekt.odpoved", "pk": 2677, "fields": {"pokus_id": 67, "otazka_id": 1, "odpoved_moja": 3}}, {"model": "tiaprojekt.odpoved", "pk": 2678, "fields": {"pokus_id": 67, "otazka_id": 2, "odpoved_moja": 5}}, {"model": "tiaprojekt.odpoved", "pk": 2679, "fields": {"pokus_id": 67, "otazka_id": 1, "odpoved_moja": 3}}, {"model": "tiaprojekt.odpoved", "pk": 2680, "fields": {"pokus_id": 67, "otazka_id": 2, "odpoved_moja": 5}}, {"model": "tiaprojekt.odpoved", "pk": 2681, "fields": {"pokus_id": 67, "otazka_id": 1, "odpoved_moja": 3}}, {"model": "tiaprojekt.odpoved", "pk": 2682, "fields": {"pokus_id": 67, "otazka_id": 2, "odpoved_moja": 5}}, {"model": "tiaprojekt.odpoved", "pk": 2683, "fields": {"pokus_id": 67, "otazka_id": 1, "odpoved_moja": 3}}, {"model": "tiaprojekt.odpoved", "pk": 2684, "fields": {"pokus_id": 67, "otazka_id": 2, "odpoved_moja": 5}}, {"model": "tiaprojekt.odpoved", "pk": 2685, "fields": {"pokus_id": 67, "otazka_id": 1, "odpoved_moja": 3}}, {"model": "tiaprojekt.odpoved", "pk": 2686, "fields": {"pokus_id": 67, "otazka_id": 2, "odpoved_moja": 5}}, {"model": "tiaprojekt.odpoved", "pk": 2687, "fields": {"pokus_id": 67, "otazka_id": 1, "odpoved_moja": 3}}, {"model": "tiaprojekt.odpoved", "pk": 2688, "fields": {"pokus_id": 67, "otazka_id": 2, "odpoved_moja": 5}}, {"model": "tiaprojekt.odpoved", "pk": 2689, "fields": {"pokus_id": 67, "otazka_id": 1, "odpoved_moja": 3}}, {"model": "tiaprojekt.odpoved", "pk": 2690, "fields": {"pokus_id": 67, "otazka_id": 2, "odpoved_moja": 5}}, {"model": "tiaprojekt.odpoved", "pk": 2691, "fields": {"pokus_id": 67, "otazka_id": 1, "odpoved_moja": 3}}, {"model": "tiaprojekt.odpoved", "pk": 2692, "fields": {"pokus_id": 67, "otazka_id": 2, "odpoved_moja": 5}}, {"model": "tiaprojekt.odpoved", "pk": 2693, "fields": {"pokus_id": 67, "otazka_id": 1, "odpoved_moja": 3}}, {"model": "tiaprojekt.odpoved", "pk": 2694, "fields": {"pokus_id": 67, "otazka_id": 2, "odpoved_moja": 5}}, {"model": "tiaprojekt.odpoved", "pk": 2695, "fields": {"pokus_id": 67, "otazka_id": 1, "odpoved_moja": 3}}, {"model": "tiaprojekt.odpoved", "pk": 2696, "fields": {"pokus_id": 67, "otazka_id": 2, "odpoved_moja": 5}}, {"model": "tiaprojekt.odpoved", "pk": 2697, "fields": {"pokus_id": 67, "otazka_id": 1, "odpoved_moja": 3}}, {"model": "tiaprojekt.odpoved", "pk": 2698, "fields": {"pokus_id": 67, "otazka_id": 2, "odpoved_moja": 5}}, {"model": "tiaprojekt.odpoved", "pk": 2699, "fields": {"pokus_id": 67, "otazka_id": 1, "odpoved_moja": 3}}, {"model": "tiaprojekt.odpoved", "pk": 2700, "fields": {"pokus_id": 67, "otazka_id": 2, "odpoved_moja": 5}}, {"model": "tiaprojekt.odpoved", "pk": 2701, "fields": {"pokus_id": 67, "otazka_id": 1, "odpoved_moja": 3}}, {"model": "tiaprojekt.odpoved", "pk": 2702, "fields": {"pokus_id": 67, "otazka_id": 2, "odpoved_moja": 5}}, {"model": "tiaprojekt.odpoved", "pk": 2703, "fields": {"pokus_id": 67, "otazka_id": 1, "odpoved_moja": 3}}, {"model": "tiaprojekt.odpoved", "pk": 2704, "fields": {"pokus_id": 67, "otazka_id": 2, "odpoved_moja": 5}}, {"model": "tiaprojekt.odpoved", "pk": 2705, "fields": {"pokus_id": 67, "otazka_id": 1, "odpoved_moja": 3}}, {"model": "tiaprojekt.odpoved", "pk": 2706, "fields": {"pokus_id": 67, "otazka_id": 2, "odpoved_moja": 5}}, {"model": "tiaprojekt.odpoved", "pk": 2707, "fields": {"pokus_id": 67, "otazka_id": 1, "odpoved_moja": 3}}, {"model": "tiaprojekt.odpoved", "pk": 2708, "fields": {"pokus_id": 67, "otazka_id": 2, "odpoved_moja": 5}}, {"model": "tiaprojekt.odpoved", "pk": 2709, "fields": {"pokus_id": 67, "otazka_id": 1, "odpoved_moja": 3}}, {"model": "tiaprojekt.odpoved", "pk": 2710, "fields": {"pokus_id": 67, "otazka_id": 2, "odpoved_moja": 5}}, {"model": "tiaprojekt.odpoved", "pk": 2711, "fields": {"pokus_id": 67, "otazka_id": 1, "odpoved_moja": 3}}, {"model": "tiaprojekt.odpoved", "pk": 2712, "fields": {"pokus_id": 67, "otazka_id": 2, "odpoved_moja": 5}}, {"model": "tiaprojekt.odpoved", "pk": 2713, "fields": {"pokus_id": 67, "otazka_id": 1, "odpoved_moja": 3}}, {"model": "tiaprojekt.odpoved", "pk": 2714, "fields": {"pokus_id": 67, "otazka_id": 2, "odpoved_moja": 5}}, {"model": "tiaprojekt.odpoved", "pk": 2715, "fields": {"pokus_id": 67, "otazka_id": 1, "odpoved_moja": 3}}, {"model": "tiaprojekt.odpoved", "pk": 2716, "fields": {"pokus_id": 67, "otazka_id": 2, "odpoved_moja": 5}}, {"model": "tiaprojekt.odpoved", "pk": 2717, "fields": {"pokus_id": 67, "otazka_id": 1, "odpoved_moja": 3}}, {"model": "tiaprojekt.odpoved", "pk": 2718, "fields": {"pokus_id": 67, "otazka_id": 2, "odpoved_moja": 5}}, {"model": "tiaprojekt.odpoved", "pk": 2719, "fields": {"pokus_id": 67, "otazka_id": 1, "odpoved_moja": 3}}, {"model": "tiaprojekt.odpoved", "pk": 2720, "fields": {"pokus_id": 67, "otazka_id": 2, "odpoved_moja": 5}}, {"model": "tiaprojekt.odpoved", "pk": 2721, "fields": {"pokus_id": 67, "otazka_id": 1, "odpoved_moja": 3}}, {"model": "tiaprojekt.odpoved", "pk": 2722, "fields": {"pokus_id": 67, "otazka_id": 2, "odpoved_moja": 5}}, {"model": "tiaprojekt.odpoved", "pk": 2723, "fields": {"pokus_id": 67, "otazka_id": 1, "odpoved_moja": 3}}, {"model": "tiaprojekt.odpoved", "pk": 2724, "fields": {"pokus_id": 67, "otazka_id": 2, "odpoved_moja": 5}}, {"model": "tiaprojekt.odpoved", "pk": 2725, "fields": {"pokus_id": 67, "otazka_id": 1, "odpoved_moja": 3}}, {"model": "tiaprojekt.odpoved", "pk": 2726, "fields": {"pokus_id": 67, "otazka_id": 2, "odpoved_moja": 5}}, {"model": "tiaprojekt.odpoved", "pk": 2727, "fields": {"pokus_id": 67, "otazka_id": 1, "odpoved_moja": 3}}, {"model": "tiaprojekt.odpoved", "pk": 2728, "fields": {"pokus_id": 67, "otazka_id": 2, "odpoved_moja": 5}}, {"model": "tiaprojekt.odpoved", "pk": 2729, "fields": {"pokus_id": 67, "otazka_id": 1, "odpoved_moja": 3}}, {"model": "tiaprojekt.odpoved", "pk": 2730, "fields": {"pokus_id": 67, "otazka_id": 2, "odpoved_moja": 5}}, {"model": "tiaprojekt.odpoved", "pk": 2731, "fields": {"pokus_id": 67, "otazka_id": 1, "odpoved_moja": 3}}, {"model": "tiaprojekt.odpoved", "pk": 2732, "fields": {"pokus_id": 67, "otazka_id": 2, "odpoved_moja": 5}}, {"model": "tiaprojekt.odpoved", "pk": 2733, "fields": {"pokus_id": 67, "otazka_id": 1, "odpoved_moja": 3}}, {"model": "tiaprojekt.odpoved", "pk": 2734, "fields": {"pokus_id": 67, "otazka_id": 2, "odpoved_moja": 5}}, {"model": "tiaprojekt.odpoved", "pk": 2735, "fields": {"pokus_id": 67, "otazka_id": 1, "odpoved_moja": 3}}, {"model": "tiaprojekt.odpoved", "pk": 2736, "fields": {"pokus_id": 67, "otazka_id": 2, "odpoved_moja": 5}}, {"model": "tiaprojekt.odpoved", "pk": 2737, "fields": {"pokus_id": 67, "otazka_id": 1, "odpoved_moja": 3}}, {"model": "tiaprojekt.odpoved", "pk": 2738, "fields": {"pokus_id": 67, "otazka_id": 2, "odpoved_moja": 5}}, {"model": "tiaprojekt.odpoved", "pk": 2739, "fields": {"pokus_id": 67, "otazka_id": 1, "odpoved_moja": 3}}, {"model": "tiaprojekt.odpoved", "pk": 2740, "fields": {"pokus_id": 67, "otazka_id": 2, "odpoved_moja": 5}}, {"model": "tiaprojekt.odpoved", "pk": 2741, "fields": {"pokus_id": 67, "otazka_id": 1, "odpoved_moja": 3}}, {"model": "tiaprojekt.odpoved", "pk": 2742, "fields": {"pokus_id": 67, "otazka_id": 2, "odpoved_moja": 5}}, {"model": "tiaprojekt.odpoved", "pk": 2743, "fields": {"pokus_id": 67, "otazka_id": 1, "odpoved_moja": 3}}, {"model": "tiaprojekt.odpoved", "pk": 2744, "fields": {"pokus_id": 67, "otazka_id": 2, "odpoved_moja": 5}}, {"model": "tiaprojekt.odpoved", "pk": 2745, "fields": {"pokus_id": 67, "otazka_id": 1, "odpoved_moja": 3}}, {"model": "tiaprojekt.odpoved", "pk": 2746, "fields": {"pokus_id": 67, "otazka_id": 2, "odpoved_moja": 5}}, {"model": "tiaprojekt.odpoved", "pk": 2747, "fields": {"pokus_id": 67, "otazka_id": 1, "odpoved_moja": 3}}, {"model": "tiaprojekt.odpoved", "pk": 2748, "fields": {"pokus_id": 67, "otazka_id": 2, "odpoved_moja": 5}}, {"model": "tiaprojekt.odpoved", "pk": 2749, "fields": {"pokus_id": 67, "otazka_id": 1, "odpoved_moja": 3}}, {"model": "tiaprojekt.odpoved", "pk": 2750, "fields": {"pokus_id": 67, "otazka_id": 2, "odpoved_moja": 5}}, {"model": "tiaprojekt.odpoved", "pk": 2751, "fields": {"pokus_id": 67, "otazka_id": 1, "odpoved_moja": 3}}, {"model": "tiaprojekt.odpoved", "pk": 2752, "fields": {"pokus_id": 67, "otazka_id": 2, "odpoved_moja": 5}}, {"model": "tiaprojekt.odpoved", "pk": 2753, "fields": {"pokus_id": 67, "otazka_id": 1, "odpoved_moja": 3}}, {"model": "tiaprojekt.odpoved", "pk": 2754, "fields": {"pokus_id": 67, "otazka_id": 2, "odpoved_moja": 5}}, {"model": "tiaprojekt.odpoved", "pk": 2755, "fields": {"pokus_id": 67, "otazka_id": 1, "odpoved_moja": 3}}, {"model": "tiaprojekt.odpoved", "pk": 2756, "fields": {"pokus_id": 67, "otazka_id": 2, "odpoved_moja": 5}}, {"model": "tiaprojekt.odpoved", "pk": 2757, "fields": {"pokus_id": 67, "otazka_id": 1, "odpoved_moja": 3}}, {"model": "tiaprojekt.odpoved", "pk": 2758, "fields": {"pokus_id": 67, "otazka_id": 2, "odpoved_moja": 5}}, {"model": "tiaprojekt.odpoved", "pk": 2759, "fields": {"pokus_id": 67, "otazka_id": 1, "odpoved_moja": 3}}, {"model": "tiaprojekt.odpoved", "pk": 2760, "fields": {"pokus_id": 67, "otazka_id": 2, "odpoved_moja": 5}}, {"model": "tiaprojekt.odpoved", "pk": 2761, "fields": {"pokus_id": 67, "otazka_id": 1, "odpoved_moja": 3}}, {"model": "tiaprojekt.odpoved", "pk": 2762, "fields": {"pokus_id": 67, "otazka_id": 2, "odpoved_moja": 5}}, {"model": "tiaprojekt.odpoved", "pk": 2763, "fields": {"pokus_id": 67, "otazka_id": 1, "odpoved_moja": 3}}, {"model": "tiaprojekt.odpoved", "pk": 2764, "fields": {"pokus_id": 67, "otazka_id": 2, "odpoved_moja": 5}}, {"model": "tiaprojekt.odpoved", "pk": 2765, "fields": {"pokus_id": 67, "otazka_id": 1, "odpoved_moja": 3}}, {"model": "tiaprojekt.odpoved", "pk": 2766, "fields": {"pokus_id": 67, "otazka_id": 2, "odpoved_moja": 5}}, {"model": "tiaprojekt.odpoved", "pk": 2767, "fields": {"pokus_id": 67, "otazka_id": 1, "odpoved_moja": 3}}, {"model": "tiaprojekt.odpoved", "pk": 2768, "fields": {"pokus_id": 67, "otazka_id": 2, "odpoved_moja": 5}}, {"model": "tiaprojekt.odpoved", "pk": 2769, "fields": {"pokus_id": 67, "otazka_id": 1, "odpoved_moja": 3}}, {"model": "tiaprojekt.odpoved", "pk": 2770, "fields": {"pokus_id": 67, "otazka_id": 2, "odpoved_moja": 5}}, {"model": "tiaprojekt.odpoved", "pk": 2771, "fields": {"pokus_id": 67, "otazka_id": 1, "odpoved_moja": 3}}, {"model": "tiaprojekt.odpoved", "pk": 2772, "fields": {"pokus_id": 67, "otazka_id": 2, "odpoved_moja": 5}}, {"model": "tiaprojekt.odpoved", "pk": 2773, "fields": {"pokus_id": 67, "otazka_id": 1, "odpoved_moja": 3}}, {"model": "tiaprojekt.odpoved", "pk": 2774, "fields": {"pokus_id": 67, "otazka_id": 2, "odpoved_moja": 5}}, {"model": "tiaprojekt.odpoved", "pk": 2775, "fields": {"pokus_id": 67, "otazka_id": 1, "odpoved_moja": 3}}, {"model": "tiaprojekt.odpoved", "pk": 2776, "fields": {"pokus_id": 67, "otazka_id": 2, "odpoved_moja": 5}}, {"model": "tiaprojekt.odpoved", "pk": 2777, "fields": {"pokus_id": 67, "otazka_id": 1, "odpoved_moja": 3}}, {"model": "tiaprojekt.odpoved", "pk": 2778, "fields": {"pokus_id": 67, "otazka_id": 2, "odpoved_moja": 5}}, {"model": "tiaprojekt.odpoved", "pk": 2779, "fields": {"pokus_id": 67, "otazka_id": 1, "odpoved_moja": 3}}, {"model": "tiaprojekt.odpoved", "pk": 2780, "fields": {"pokus_id": 67, "otazka_id": 2, "odpoved_moja": 5}}, {"model": "tiaprojekt.odpoved", "pk": 2781, "fields": {"pokus_id": 67, "otazka_id": 1, "odpoved_moja": 3}}, {"model": "tiaprojekt.odpoved", "pk": 2782, "fields": {"pokus_id": 67, "otazka_id": 2, "odpoved_moja": 5}}, {"model": "tiaprojekt.odpoved", "pk": 2783, "fields": {"pokus_id": 67, "otazka_id": 1, "odpoved_moja": 3}}, {"model": "tiaprojekt.odpoved", "pk": 2784, "fields": {"pokus_id": 67, "otazka_id": 2, "odpoved_moja": 5}}, {"model": "tiaprojekt.odpoved", "pk": 2785, "fields": {"pokus_id": 67, "otazka_id": 1, "odpoved_moja": 3}}, {"model": "tiaprojekt.odpoved", "pk": 2786, "fields": {"pokus_id": 67, "otazka_id": 2, "odpoved_moja": 5}}, {"model": "tiaprojekt.odpoved", "pk": 2787, "fields": {"pokus_id": 67, "otazka_id": 1, "odpoved_moja": 3}}, {"model": "tiaprojekt.odpoved", "pk": 2788, "fields": {"pokus_id": 67, "otazka_id": 2, "odpoved_moja": 5}}, {"model": "tiaprojekt.odpoved", "pk": 2789, "fields": {"pokus_id": 67, "otazka_id": 1, "odpoved_moja": 3}}, {"model": "tiaprojekt.odpoved", "pk": 2790, "fields": {"pokus_id": 67, "otazka_id": 2, "odpoved_moja": 5}}, {"model": "tiaprojekt.odpoved", "pk": 2791, "fields": {"pokus_id": 67, "otazka_id": 1, "odpoved_moja": 3}}, {"model": "tiaprojekt.odpoved", "pk": 2792, "fields": {"pokus_id": 67, "otazka_id": 2, "odpoved_moja": 5}}, {"model": "tiaprojekt.odpoved", "pk": 2793, "fields": {"pokus_id": 67, "otazka_id": 1, "odpoved_moja": 3}}, {"model": "tiaprojekt.odpoved", "pk": 2794, "fields": {"pokus_id": 67, "otazka_id": 2, "odpoved_moja": 5}}, {"model": "tiaprojekt.odpoved", "pk": 2795, "fields": {"pokus_id": 67, "otazka_id": 1, "odpoved_moja": 3}}, {"model": "tiaprojekt.odpoved", "pk": 2796, "fields": {"pokus_id": 67, "otazka_id": 2, "odpoved_moja": 5}}, {"model": "tiaprojekt.odpoved", "pk": 2797, "fields": {"pokus_id": 67, "otazka_id": 1, "odpoved_moja": 3}}, {"model": "tiaprojekt.odpoved", "pk": 2798, "fields": {"pokus_id": 67, "otazka_id": 2, "odpoved_moja": 5}}, {"model": "tiaprojekt.odpoved", "pk": 2799, "fields": {"pokus_id": 67, "otazka_id": 1, "odpoved_moja": 3}}, {"model": "tiaprojekt.odpoved", "pk": 2800, "fields": {"pokus_id": 67, "otazka_id": 2, "odpoved_moja": 5}}, {"model": "tiaprojekt.odpoved", "pk": 2801, "fields": {"pokus_id": 67, "otazka_id": 1, "odpoved_moja": 3}}, {"model": "tiaprojekt.odpoved", "pk": 2802, "fields": {"pokus_id": 67, "otazka_id": 2, "odpoved_moja": 5}}, {"model": "tiaprojekt.odpoved", "pk": 2803, "fields": {"pokus_id": 67, "otazka_id": 1, "odpoved_moja": 3}}, {"model": "tiaprojekt.odpoved", "pk": 2804, "fields": {"pokus_id": 67, "otazka_id": 2, "odpoved_moja": 5}}, {"model": "tiaprojekt.odpoved", "pk": 2805, "fields": {"pokus_id": 67, "otazka_id": 1, "odpoved_moja": 3}}, {"model": "tiaprojekt.odpoved", "pk": 2806, "fields": {"pokus_id": 67, "otazka_id": 2, "odpoved_moja": 5}}, {"model": "tiaprojekt.odpoved", "pk": 2807, "fields": {"pokus_id": 67, "otazka_id": 1, "odpoved_moja": 3}}, {"model": "tiaprojekt.odpoved", "pk": 2808, "fields": {"pokus_id": 67, "otazka_id": 2, "odpoved_moja": 5}}, {"model": "tiaprojekt.odpoved", "pk": 2809, "fields": {"pokus_id": 67, "otazka_id": 1, "odpoved_moja": 3}}, {"model": "tiaprojekt.odpoved", "pk": 2810, "fields": {"pokus_id": 67, "otazka_id": 2, "odpoved_moja": 5}}, {"model": "tiaprojekt.odpoved", "pk": 2811, "fields": {"pokus_id": 67, "otazka_id": 1, "odpoved_moja": 3}}, {"model": "tiaprojekt.odpoved", "pk": 2812, "fields": {"pokus_id": 67, "otazka_id": 2, "odpoved_moja": 5}}, {"model": "tiaprojekt.odpoved", "pk": 2813, "fields": {"pokus_id": 67, "otazka_id": 1, "odpoved_moja": 3}}, {"model": "tiaprojekt.odpoved", "pk": 2814, "fields": {"pokus_id": 67, "otazka_id": 2, "odpoved_moja": 5}}, {"model": "tiaprojekt.odpoved", "pk": 2815, "fields": {"pokus_id": 67, "otazka_id": 1, "odpoved_moja": 3}}, {"model": "tiaprojekt.odpoved", "pk": 2816, "fields": {"pokus_id": 67, "otazka_id": 2, "odpoved_moja": 5}}, {"model": "tiaprojekt.odpoved", "pk": 2817, "fields": {"pokus_id": 67, "otazka_id": 1, "odpoved_moja": 3}}, {"model": "tiaprojekt.odpoved", "pk": 2818, "fields": {"pokus_id": 67, "otazka_id": 2, "odpoved_moja": 5}}, {"model": "tiaprojekt.odpoved", "pk": 2819, "fields": {"pokus_id": 67, "otazka_id": 1, "odpoved_moja": 3}}, {"model": "tiaprojekt.odpoved", "pk": 2820, "fields": {"pokus_id": 67, "otazka_id": 2, "odpoved_moja": 5}}, {"model": "tiaprojekt.odpoved", "pk": 2821, "fields": {"pokus_id": 67, "otazka_id": 1, "odpoved_moja": 3}}, {"model": "tiaprojekt.odpoved", "pk": 2822, "fields": {"pokus_id": 67, "otazka_id": 2, "odpoved_moja": 5}}, {"model": "tiaprojekt.odpoved", "pk": 2823, "fields": {"pokus_id": 67, "otazka_id": 1, "odpoved_moja": 3}}, {"model": "tiaprojekt.odpoved", "pk": 2824, "fields": {"pokus_id": 67, "otazka_id": 2, "odpoved_moja": 5}}, {"model": "tiaprojekt.odpoved", "pk": 2825, "fields": {"pokus_id": 67, "otazka_id": 1, "odpoved_moja": 3}}, {"model": "tiaprojekt.odpoved", "pk": 2826, "fields": {"pokus_id": 67, "otazka_id": 2, "odpoved_moja": 5}}, {"model": "tiaprojekt.odpoved", "pk": 2827, "fields": {"pokus_id": 67, "otazka_id": 1, "odpoved_moja": 3}}, {"model": "tiaprojekt.odpoved", "pk": 2828, "fields": {"pokus_id": 67, "otazka_id": 2, "odpoved_moja": 5}}, {"model": "tiaprojekt.odpoved", "pk": 2829, "fields": {"pokus_id": 67, "otazka_id": 1, "odpoved_moja": 3}}, {"model": "tiaprojekt.odpoved", "pk": 2830, "fields": {"pokus_id": 67, "otazka_id": 2, "odpoved_moja": 5}}, {"model": "tiaprojekt.odpoved", "pk": 2831, "fields": {"pokus_id": 67, "otazka_id": 1, "odpoved_moja": 3}}, {"model": "tiaprojekt.odpoved", "pk": 2832, "fields": {"pokus_id": 67, "otazka_id": 2, "odpoved_moja": 5}}, {"model": "tiaprojekt.odpoved", "pk": 2833, "fields": {"pokus_id": 67, "otazka_id": 1, "odpoved_moja": 3}}, {"model": "tiaprojekt.odpoved", "pk": 2834, "fields": {"pokus_id": 67, "otazka_id": 2, "odpoved_moja": 5}}, {"model": "tiaprojekt.odpoved", "pk": 2835, "fields": {"pokus_id": 67, "otazka_id": 1, "odpoved_moja": 3}}, {"model": "tiaprojekt.odpoved", "pk": 2836, "fields": {"pokus_id": 67, "otazka_id": 2, "odpoved_moja": 5}}, {"model": "tiaprojekt.odpoved", "pk": 2837, "fields": {"pokus_id": 67, "otazka_id": 1, "odpoved_moja": 3}}, {"model": "tiaprojekt.odpoved", "pk": 2838, "fields": {"pokus_id": 67, "otazka_id": 2, "odpoved_moja": 5}}, {"model": "tiaprojekt.odpoved", "pk": 2839, "fields": {"pokus_id": 67, "otazka_id": 1, "odpoved_moja": 3}}, {"model": "tiaprojekt.odpoved", "pk": 2840, "fields": {"pokus_id": 67, "otazka_id": 2, "odpoved_moja": 5}}, {"model": "tiaprojekt.odpoved", "pk": 2841, "fields": {"pokus_id": 67, "otazka_id": 1, "odpoved_moja": 3}}, {"model": "tiaprojekt.odpoved", "pk": 2842, "fields": {"pokus_id": 67, "otazka_id": 2, "odpoved_moja": 5}}, {"model": "tiaprojekt.odpoved", "pk": 2843, "fields": {"pokus_id": 67, "otazka_id": 1, "odpoved_moja": 3}}, {"model": "tiaprojekt.odpoved", "pk": 2844, "fields": {"pokus_id": 67, "otazka_id": 2, "odpoved_moja": 5}}, {"model": "tiaprojekt.odpoved", "pk": 2845, "fields": {"pokus_id": 67, "otazka_id": 1, "odpoved_moja": 3}}, {"model": "tiaprojekt.odpoved", "pk": 2846, "fields": {"pokus_id": 67, "otazka_id": 2, "odpoved_moja": 5}}, {"model": "tiaprojekt.odpoved", "pk": 2847, "fields": {"pokus_id": 67, "otazka_id": 1, "odpoved_moja": 3}}, {"model": "tiaprojekt.odpoved", "pk": 2848, "fields": {"pokus_id": 67, "otazka_id": 2, "odpoved_moja": 5}}, {"model": "tiaprojekt.odpoved", "pk": 2849, "fields": {"pokus_id": 67, "otazka_id": 1, "odpoved_moja": 3}}, {"model": "tiaprojekt.odpoved", "pk": 2850, "fields": {"pokus_id": 67, "otazka_id": 2, "odpoved_moja": 5}}, {"model": "tiaprojekt.odpoved", "pk": 2851, "fields": {"pokus_id": 67, "otazka_id": 1, "odpoved_moja": 3}}, {"model": "tiaprojekt.odpoved", "pk": 2852, "fields": {"pokus_id": 67, "otazka_id": 2, "odpoved_moja": 5}}, {"model": "tiaprojekt.odpoved", "pk": 2853, "fields": {"pokus_id": 67, "otazka_id": 1, "odpoved_moja": 3}}, {"model": "tiaprojekt.odpoved", "pk": 2854, "fields": {"pokus_id": 67, "otazka_id": 2, "odpoved_moja": 5}}, {"model": "tiaprojekt.odpoved", "pk": 2855, "fields": {"pokus_id": 68, "otazka_id": 1, "odpoved_moja": 3}}, {"model": "tiaprojekt.odpoved", "pk": 2856, "fields": {"pokus_id": 68, "otazka_id": 2, "odpoved_moja": 5}}, {"model": "tiaprojekt.odpoved", "pk": 2857, "fields": {"pokus_id": 68, "otazka_id": 1, "odpoved_moja": 3}}, {"model": "tiaprojekt.odpoved", "pk": 2858, "fields": {"pokus_id": 68, "otazka_id": 2, "odpoved_moja": 5}}, {"model": "tiaprojekt.odpoved", "pk": 2859, "fields": {"pokus_id": 68, "otazka_id": 1, "odpoved_moja": 3}}, {"model": "tiaprojekt.odpoved", "pk": 2860, "fields": {"pokus_id": 68, "otazka_id": 2, "odpoved_moja": 5}}, {"model": "tiaprojekt.odpoved", "pk": 2861, "fields": {"pokus_id": 68, "otazka_id": 1, "odpoved_moja": 3}}, {"model": "tiaprojekt.odpoved", "pk": 2862, "fields": {"pokus_id": 68, "otazka_id": 2, "odpoved_moja": 5}}, {"model": "tiaprojekt.odpoved", "pk": 2863, "fields": {"pokus_id": 68, "otazka_id": 1, "odpoved_moja": 3}}, {"model": "tiaprojekt.odpoved", "pk": 2864, "fields": {"pokus_id": 68, "otazka_id": 2, "odpoved_moja": 5}}, {"model": "tiaprojekt.odpoved", "pk": 2865, "fields": {"pokus_id": 68, "otazka_id": 1, "odpoved_moja": 3}}, {"model": "tiaprojekt.odpoved", "pk": 2866, "fields": {"pokus_id": 68, "otazka_id": 2, "odpoved_moja": 5}}, {"model": "tiaprojekt.odpoved", "pk": 2867, "fields": {"pokus_id": 68, "otazka_id": 1, "odpoved_moja": 3}}, {"model": "tiaprojekt.odpoved", "pk": 2868, "fields": {"pokus_id": 68, "otazka_id": 2, "odpoved_moja": 5}}, {"model": "tiaprojekt.odpoved", "pk": 2869, "fields": {"pokus_id": 68, "otazka_id": 1, "odpoved_moja": 3}}, {"model": "tiaprojekt.odpoved", "pk": 2870, "fields": {"pokus_id": 68, "otazka_id": 2, "odpoved_moja": 5}}, {"model": "tiaprojekt.odpoved", "pk": 2871, "fields": {"pokus_id": 68, "otazka_id": 1, "odpoved_moja": 3}}, {"model": "tiaprojekt.odpoved", "pk": 2872, "fields": {"pokus_id": 68, "otazka_id": 2, "odpoved_moja": 5}}, {"model": "tiaprojekt.odpoved", "pk": 2873, "fields": {"pokus_id": 68, "otazka_id": 1, "odpoved_moja": 3}}, {"model": "tiaprojekt.odpoved", "pk": 2874, "fields": {"pokus_id": 68, "otazka_id": 2, "odpoved_moja": 5}}, {"model": "tiaprojekt.odpoved", "pk": 2875, "fields": {"pokus_id": 68, "otazka_id": 1, "odpoved_moja": 3}}, {"model": "tiaprojekt.odpoved", "pk": 2876, "fields": {"pokus_id": 68, "otazka_id": 2, "odpoved_moja": 5}}, {"model": "tiaprojekt.odpoved", "pk": 2877, "fields": {"pokus_id": 68, "otazka_id": 1, "odpoved_moja": 3}}, {"model": "tiaprojekt.odpoved", "pk": 2878, "fields": {"pokus_id": 68, "otazka_id": 2, "odpoved_moja": 5}}, {"model": "tiaprojekt.odpoved", "pk": 2879, "fields": {"pokus_id": 68, "otazka_id": 1, "odpoved_moja": 3}}, {"model": "tiaprojekt.odpoved", "pk": 2880, "fields": {"pokus_id": 68, "otazka_id": 2, "odpoved_moja": 5}}, {"model": "tiaprojekt.odpoved", "pk": 2881, "fields": {"pokus_id": 68, "otazka_id": 1, "odpoved_moja": 3}}, {"model": "tiaprojekt.odpoved", "pk": 2882, "fields": {"pokus_id": 68, "otazka_id": 2, "odpoved_moja": 5}}, {"model": "tiaprojekt.odpoved", "pk": 2883, "fields": {"pokus_id": 68, "otazka_id": 1, "odpoved_moja": 3}}, {"model": "tiaprojekt.odpoved", "pk": 2884, "fields": {"pokus_id": 68, "otazka_id": 2, "odpoved_moja": 5}}, {"model": "tiaprojekt.odpoved", "pk": 2885, "fields": {"pokus_id": 68, "otazka_id": 1, "odpoved_moja": 3}}, {"model": "tiaprojekt.odpoved", "pk": 2886, "fields": {"pokus_id": 68, "otazka_id": 2, "odpoved_moja": 5}}, {"model": "tiaprojekt.odpoved", "pk": 2887, "fields": {"pokus_id": 68, "otazka_id": 1, "odpoved_moja": 3}}, {"model": "tiaprojekt.odpoved", "pk": 2888, "fields": {"pokus_id": 68, "otazka_id": 2, "odpoved_moja": 5}}, {"model": "tiaprojekt.odpoved", "pk": 2889, "fields": {"pokus_id": 68, "otazka_id": 1, "odpoved_moja": 3}}, {"model": "tiaprojekt.odpoved", "pk": 2890, "fields": {"pokus_id": 68, "otazka_id": 2, "odpoved_moja": 5}}, {"model": "tiaprojekt.odpoved", "pk": 2891, "fields": {"pokus_id": 68, "otazka_id": 1, "odpoved_moja": 3}}, {"model": "tiaprojekt.odpoved", "pk": 2892, "fields": {"pokus_id": 68, "otazka_id": 2, "odpoved_moja": 5}}, {"model": "tiaprojekt.odpoved", "pk": 2893, "fields": {"pokus_id": 68, "otazka_id": 1, "odpoved_moja": 3}}, {"model": "tiaprojekt.odpoved", "pk": 2894, "fields": {"pokus_id": 68, "otazka_id": 2, "odpoved_moja": 5}}, {"model": "tiaprojekt.odpoved", "pk": 2895, "fields": {"pokus_id": 68, "otazka_id": 1, "odpoved_moja": 3}}, {"model": "tiaprojekt.odpoved", "pk": 2896, "fields": {"pokus_id": 68, "otazka_id": 2, "odpoved_moja": 5}}, {"model": "tiaprojekt.odpoved", "pk": 2897, "fields": {"pokus_id": 68, "otazka_id": 1, "odpoved_moja": 3}}, {"model": "tiaprojekt.odpoved", "pk": 2898, "fields": {"pokus_id": 68, "otazka_id": 2, "odpoved_moja": 5}}, {"model": "tiaprojekt.odpoved", "pk": 2899, "fields": {"pokus_id": 68, "otazka_id": 1, "odpoved_moja": 3}}, {"model": "tiaprojekt.odpoved", "pk": 2900, "fields": {"pokus_id": 68, "otazka_id": 2, "odpoved_moja": 5}}, {"model": "tiaprojekt.odpoved", "pk": 2901, "fields": {"pokus_id": 68, "otazka_id": 1, "odpoved_moja": 3}}, {"model": "tiaprojekt.odpoved", "pk": 2902, "fields": {"pokus_id": 68, "otazka_id": 2, "odpoved_moja": 5}}, {"model": "tiaprojekt.odpoved", "pk": 2903, "fields": {"pokus_id": 68, "otazka_id": 1, "odpoved_moja": 3}}, {"model": "tiaprojekt.odpoved", "pk": 2904, "fields": {"pokus_id": 68, "otazka_id": 2, "odpoved_moja": 5}}, {"model": "tiaprojekt.odpoved", "pk": 2905, "fields": {"pokus_id": 68, "otazka_id": 1, "odpoved_moja": 3}}, {"model": "tiaprojekt.odpoved", "pk": 2906, "fields": {"pokus_id": 68, "otazka_id": 2, "odpoved_moja": 5}}, {"model": "tiaprojekt.odpoved", "pk": 2907, "fields": {"pokus_id": 68, "otazka_id": 1, "odpoved_moja": 3}}, {"model": "tiaprojekt.odpoved", "pk": 2908, "fields": {"pokus_id": 68, "otazka_id": 2, "odpoved_moja": 5}}, {"model": "tiaprojekt.odpoved", "pk": 2909, "fields": {"pokus_id": 68, "otazka_id": 1, "odpoved_moja": 3}}, {"model": "tiaprojekt.odpoved", "pk": 2910, "fields": {"pokus_id": 68, "otazka_id": 2, "odpoved_moja": 5}}, {"model": "tiaprojekt.odpoved", "pk": 2911, "fields": {"pokus_id": 68, "otazka_id": 1, "odpoved_moja": 3}}, {"model": "tiaprojekt.odpoved", "pk": 2912, "fields": {"pokus_id": 68, "otazka_id": 2, "odpoved_moja": 5}}, {"model": "tiaprojekt.odpoved", "pk": 2913, "fields": {"pokus_id": 68, "otazka_id": 1, "odpoved_moja": 3}}, {"model": "tiaprojekt.odpoved", "pk": 2914, "fields": {"pokus_id": 68, "otazka_id": 2, "odpoved_moja": 5}}, {"model": "tiaprojekt.odpoved", "pk": 2915, "fields": {"pokus_id": 68, "otazka_id": 1, "odpoved_moja": 3}}, {"model": "tiaprojekt.odpoved", "pk": 2916, "fields": {"pokus_id": 68, "otazka_id": 2, "odpoved_moja": 5}}, {"model": "tiaprojekt.odpoved", "pk": 2917, "fields": {"pokus_id": 68, "otazka_id": 1, "odpoved_moja": 3}}, {"model": "tiaprojekt.odpoved", "pk": 2918, "fields": {"pokus_id": 68, "otazka_id": 2, "odpoved_moja": 5}}, {"model": "tiaprojekt.odpoved", "pk": 2919, "fields": {"pokus_id": 68, "otazka_id": 1, "odpoved_moja": 3}}, {"model": "tiaprojekt.odpoved", "pk": 2920, "fields": {"pokus_id": 69, "otazka_id": 1, "odpoved_moja": 3}}, {"model": "tiaprojekt.odpoved", "pk": 2921, "fields": {"pokus_id": 69, "otazka_id": 2, "odpoved_moja": 5}}, {"model": "tiaprojekt.odpoved", "pk": 2922, "fields": {"pokus_id": 70, "otazka_id": 1, "odpoved_moja": 2}}, {"model": "tiaprojekt.odpoved", "pk": 2923, "fields": {"pokus_id": 70, "otazka_id": 2, "odpoved_moja": 6}}, {"model": "tiaprojekt.odpoved", "pk": 2924, "fields": {"pokus_id": 70, "otazka_id": 3, "odpoved_moja": 7}}, {"model": "tiaprojekt.odpoved", "pk": 2925, "fields": {"pokus_id": 71, "otazka_id": 1, "odpoved_moja": 2}}, {"model": "tiaprojekt.odpoved", "pk": 2926, "fields": {"pokus_id": 71, "otazka_id": 2, "odpoved_moja": 6}}, {"model": "tiaprojekt.odpoved", "pk": 2927, "fields": {"pokus_id": 71, "otazka_id": 3, "odpoved_moja": 7}}, {"model": "tiaprojekt.odpoved", "pk": 2928, "fields": {"pokus_id": 72, "otazka_id": 1, "odpoved_moja": 2}}, {"model": "tiaprojekt.odpoved", "pk": 2929, "fields": {"pokus_id": 72, "otazka_id": 2, "odpoved_moja": 6}}, {"model": "tiaprojekt.odpoved", "pk": 2930, "fields": {"pokus_id": 72, "otazka_id": 3, "odpoved_moja": 7}}, {"model": "tiaprojekt.odpoved", "pk": 2931, "fields": {"pokus_id": 73, "otazka_id": 1, "odpoved_moja": 2}}, {"model": "tiaprojekt.odpoved", "pk": 2932, "fields": {"pokus_id": 73, "otazka_id": 2, "odpoved_moja": 6}}, {"model": "tiaprojekt.odpoved", "pk": 2933, "fields": {"pokus_id": 73, "otazka_id": 3, "odpoved_moja": 7}}, {"model": "tiaprojekt.odpoved", "pk": 2934, "fields": {"pokus_id": 74, "otazka_id": 1, "odpoved_moja": 2}}, {"model": "tiaprojekt.odpoved", "pk": 2935, "fields": {"pokus_id": 74, "otazka_id": 2, "odpoved_moja": 6}}, {"model": "tiaprojekt.odpoved", "pk": 2936, "fields": {"pokus_id": 74, "otazka_id": 3, "odpoved_moja": 7}}, {"model": "tiaprojekt.odpoved", "pk": 2937, "fields": {"pokus_id": 75, "otazka_id": 1, "odpoved_moja": 1}}, {"model": "tiaprojekt.odpoved", "pk": 2938, "fields": {"pokus_id": 75, "otazka_id": 2, "odpoved_moja": 6}}, {"model": "tiaprojekt.odpoved", "pk": 2939, "fields": {"pokus_id": 75, "otazka_id": 3, "odpoved_moja": 7}}, {"model": "tiaprojekt.odpoved", "pk": 2940, "fields": {"pokus_id": 76, "otazka_id": 1, "odpoved_moja": 1}}, {"model": "tiaprojekt.odpoved", "pk": 2941, "fields": {"pokus_id": 76, "otazka_id": 2, "odpoved_moja": 6}}, {"model": "tiaprojekt.odpoved", "pk": 2942, "fields": {"pokus_id": 76, "otazka_id": 3, "odpoved_moja": 7}}, {"model": "tiaprojekt.odpoved", "pk": 2943, "fields": {"pokus_id": 77, "otazka_id": 1, "odpoved_moja": 1}}, {"model": "tiaprojekt.odpoved", "pk": 2944, "fields": {"pokus_id": 77, "otazka_id": 2, "odpoved_moja": 6}}, {"model": "tiaprojekt.odpoved", "pk": 2945, "fields": {"pokus_id": 77, "otazka_id": 3, "odpoved_moja": 7}}, {"model": "tiaprojekt.odpoved", "pk": 2946, "fields": {"pokus_id": 78, "otazka_id": 1, "odpoved_moja": 1}}, {"model": "tiaprojekt.odpoved", "pk": 2947, "fields": {"pokus_id": 78, "otazka_id": 2, "odpoved_moja": 6}}, {"model": "tiaprojekt.odpoved", "pk": 2948, "fields": {"pokus_id": 78, "otazka_id": 3, "odpoved_moja": 7}}, {"model": "tiaprojekt.odpoved", "pk": 2949, "fields": {"pokus_id": 79, "otazka_id": 1, "odpoved_moja": 1}}, {"model": "tiaprojekt.odpoved", "pk": 2950, "fields": {"pokus_id": 79, "otazka_id": 2, "odpoved_moja": 6}}, {"model": "tiaprojekt.odpoved", "pk": 2951, "fields": {"pokus_id": 79, "otazka_id": 3, "odpoved_moja": 7}}, {"model": "tiaprojekt.odpoved", "pk": 2952, "fields": {"pokus_id": 80, "otazka_id": 1, "odpoved_moja": 1}}, {"model": "tiaprojekt.odpoved", "pk": 2953, "fields": {"pokus_id": 80, "otazka_id": 2, "odpoved_moja": 6}}, {"model": "tiaprojekt.odpoved", "pk": 2954, "fields": {"pokus_id": 80, "otazka_id": 3, "odpoved_moja": 7}}, {"model": "tiaprojekt.odpoved", "pk": 2955, "fields": {"pokus_id": 81, "otazka_id": 1, "odpoved_moja": 1}}, {"model": "tiaprojekt.odpoved", "pk": 2956, "fields": {"pokus_id": 81, "otazka_id": 2, "odpoved_moja": 6}}, {"model": "tiaprojekt.odpoved", "pk": 2957, "fields": {"pokus_id": 81, "otazka_id": 3, "odpoved_moja": 7}}, {"model": "tiaprojekt.odpoved", "pk": 2958, "fields": {"pokus_id": 82, "otazka_id": 1, "odpoved_moja": 1}}, {"model": "tiaprojekt.odpoved", "pk": 2959, "fields": {"pokus_id": 82, "otazka_id": 2, "odpoved_moja": 6}}, {"model": "tiaprojekt.odpoved", "pk": 2960, "fields": {"pokus_id": 82, "otazka_id": 3, "odpoved_moja": 7}}, {"model": "tiaprojekt.odpoved", "pk": 2961, "fields": {"pokus_id": 83, "otazka_id": 1, "odpoved_moja": 1}}, {"model": "tiaprojekt.odpoved", "pk": 2962, "fields": {"pokus_id": 83, "otazka_id": 2, "odpoved_moja": 6}}, {"model": "tiaprojekt.odpoved", "pk": 2963, "fields": {"pokus_id": 83, "otazka_id": 3, "odpoved_moja": 7}}, {"model": "tiaprojekt.odpoved", "pk": 2964, "fields": {"pokus_id": 84, "otazka_id": 1, "odpoved_moja": 1}}, {"model": "tiaprojekt.odpoved", "pk": 2965, "fields": {"pokus_id": 84, "otazka_id": 2, "odpoved_moja": 6}}, {"model": "tiaprojekt.odpoved", "pk": 2966, "fields": {"pokus_id": 84, "otazka_id": 3, "odpoved_moja": 7}}, {"model": "tiaprojekt.odpoved", "pk": 2967, "fields": {"pokus_id": 86, "otazka_id": 1, "odpoved_moja": 1}}, {"model": "tiaprojekt.odpoved", "pk": 2968, "fields": {"pokus_id": 86, "otazka_id": 2, "odpoved_moja": 5}}, {"model": "tiaprojekt.odpoved", "pk": 2969, "fields": {"pokus_id": 86, "otazka_id": 3, "odpoved_moja": 7}}, {"model": "tiaprojekt.odpoved", "pk": 2970, "fields": {"pokus_id": 87, "otazka_id": 1, "odpoved_moja": 1}}, {"model": "tiaprojekt.odpoved", "pk": 2971, "fields": {"pokus_id": 87, "otazka_id": 3, "odpoved_moja": 8}}, {"model": "tiaprojekt.odpoved", "pk": 2972, "fields": {"pokus_id": 88, "otazka_id": 1, "odpoved_moja": 1}}, {"model": "tiaprojekt.odpoved", "pk": 2973, "fields": {"pokus_id": 88, "otazka_id": 3, "odpoved_moja": 8}}, {"model": "tiaprojekt.odpoved", "pk": 2974, "fields": {"pokus_id": 89, "otazka_id": 1, "odpoved_moja": 1}}, {"model": "tiaprojekt.odpoved", "pk": 2975, "fields": {"pokus_id": 89, "otazka_id": 3, "odpoved_moja": 8}}, {"model": "tiaprojekt.odpoved", "pk": 2976, "fields": {"pokus_id": 90, "otazka_id": 1, "odpoved_moja": 1}}, {"model": "tiaprojekt.odpoved", "pk": 2977, "fields": {"pokus_id": 90, "otazka_id": 3, "odpoved_moja": 8}}, {"model": "tiaprojekt.odpoved", "pk": 2978, "fields": {"pokus_id": 91, "otazka_id": 1, "odpoved_moja": 1}}, {"model": "tiaprojekt.odpoved", "pk": 2979, "fields": {"pokus_id": 91, "otazka_id": 3, "odpoved_moja": 8}}, {"model": "tiaprojekt.odpoved", "pk": 2980, "fields": {"pokus_id": 92, "otazka_id": 1, "odpoved_moja": 1}}, {"model": "tiaprojekt.odpoved", "pk": 2981, "fields": {"pokus_id": 92, "otazka_id": 3, "odpoved_moja": 8}}, {"model": "tiaprojekt.odpoved", "pk": 2982, "fields": {"pokus_id": 93, "otazka_id": 1, "odpoved_moja": 1}}, {"model": "tiaprojekt.odpoved", "pk": 2983, "fields": {"pokus_id": 93, "otazka_id": 3, "odpoved_moja": 8}}, {"model": "tiaprojekt.odpoved", "pk": 2984, "fields": {"pokus_id": 94, "otazka_id": 1, "odpoved_moja": 1}}, {"model": "tiaprojekt.odpoved", "pk": 2985, "fields": {"pokus_id": 94, "otazka_id": 3, "odpoved_moja": 8}}, {"model": "tiaprojekt.odpoved", "pk": 2986, "fields": {"pokus_id": 95, "otazka_id": 1, "odpoved_moja": 1}}, {"model": "tiaprojekt.odpoved", "pk": 2987, "fields": {"pokus_id": 95, "otazka_id": 3, "odpoved_moja": 8}}, {"model": "tiaprojekt.odpoved", "pk": 2988, "fields": {"pokus_id": 96, "otazka_id": 1, "odpoved_moja": 1}}, {"model": "tiaprojekt.odpoved", "pk": 2989, "fields": {"pokus_id": 96, "otazka_id": 3, "odpoved_moja": 8}}, {"model": "tiaprojekt.odpoved", "pk": 2990, "fields": {"pokus_id": 97, "otazka_id": 1, "odpoved_moja": 1}}, {"model": "tiaprojekt.odpoved", "pk": 2991, "fields": {"pokus_id": 97, "otazka_id": 3, "odpoved_moja": 8}}, {"model": "tiaprojekt.odpoved", "pk": 2992, "fields": {"pokus_id": 98, "otazka_id": 1, "odpoved_moja": 1}}, {"model": "tiaprojekt.odpoved", "pk": 2993, "fields": {"pokus_id": 98, "otazka_id": 3, "odpoved_moja": 8}}, {"model": "tiaprojekt.odpoved", "pk": 2994, "fields": {"pokus_id": 99, "otazka_id": 1, "odpoved_moja": 1}}, {"model": "tiaprojekt.odpoved", "pk": 2995, "fields": {"pokus_id": 99, "otazka_id": 3, "odpoved_moja": 8}}, {"model": "tiaprojekt.odpoved", "pk": 2996, "fields": {"pokus_id": 100, "otazka_id": 1, "odpoved_moja": 1}}, {"model": "tiaprojekt.odpoved", "pk": 2997, "fields": {"pokus_id": 100, "otazka_id": 3, "odpoved_moja": 8}}, {"model": "tiaprojekt.odpoved", "pk": 2998, "fields": {"pokus_id": 101, "otazka_id": 1, "odpoved_moja": 1}}, {"model": "tiaprojekt.odpoved", "pk": 2999, "fields": {"pokus_id": 101, "otazka_id": 3, "odpoved_moja": 8}}, {"model": "tiaprojekt.odpoved", "pk": 3000, "fields": {"pokus_id": 102, "otazka_id": 1, "odpoved_moja": 1}}, {"model": "tiaprojekt.odpoved", "pk": 3001, "fields": {"pokus_id": 102, "otazka_id": 3, "odpoved_moja": 8}}, {"model": "tiaprojekt.odpoved", "pk": 3002, "fields": {"pokus_id": 103, "otazka_id": 1, "odpoved_moja": 1}}, {"model": "tiaprojekt.odpoved", "pk": 3003, "fields": {"pokus_id": 103, "otazka_id": 3, "odpoved_moja": 8}}, {"model": "tiaprojekt.odpoved", "pk": 3004, "fields": {"pokus_id": 104, "otazka_id": 1, "odpoved_moja": 1}}, {"model": "tiaprojekt.odpoved", "pk": 3005, "fields": {"pokus_id": 104, "otazka_id": 3, "odpoved_moja": 8}}, {"model": "tiaprojekt.odpoved", "pk": 3006, "fields": {"pokus_id": 105, "otazka_id": 1, "odpoved_moja": 1}}, {"model": "tiaprojekt.odpoved", "pk": 3007, "fields": {"pokus_id": 105, "otazka_id": 3, "odpoved_moja": 8}}, {"model": "tiaprojekt.odpoved", "pk": 3008, "fields": {"pokus_id": 106, "otazka_id": 1, "odpoved_moja": 1}}, {"model": "tiaprojekt.odpoved", "pk": 3009, "fields": {"pokus_id": 106, "otazka_id": 3, "odpoved_moja": 8}}, {"model": "tiaprojekt.odpoved", "pk": 3010, "fields": {"pokus_id": 107, "otazka_id": 1, "odpoved_moja": 1}}, {"model": "tiaprojekt.odpoved", "pk": 3011, "fields": {"pokus_id": 107, "otazka_id": 3, "odpoved_moja": 8}}, {"model": "tiaprojekt.odpoved", "pk": 3012, "fields": {"pokus_id": 108, "otazka_id": 1, "odpoved_moja": 1}}, {"model": "tiaprojekt.odpoved", "pk": 3013, "fields": {"pokus_id": 108, "otazka_id": 3, "odpoved_moja": 8}}, {"model": "tiaprojekt.odpoved", "pk": 3014, "fields": {"pokus_id": 109, "otazka_id": 1, "odpoved_moja": 1}}, {"model": "tiaprojekt.odpoved", "pk": 3015, "fields": {"pokus_id": 109, "otazka_id": 3, "odpoved_moja": 8}}, {"model": "tiaprojekt.odpoved", "pk": 3016, "fields": {"pokus_id": 110, "otazka_id": 1, "odpoved_moja": 1}}, {"model": "tiaprojekt.odpoved", "pk": 3017, "fields": {"pokus_id": 110, "otazka_id": 3, "odpoved_moja": 8}}, {"model": "tiaprojekt.odpoved", "pk": 3018, "fields": {"pokus_id": 111, "otazka_id": 1, "odpoved_moja": 1}}, {"model": "tiaprojekt.odpoved", "pk": 3019, "fields": {"pokus_id": 111, "otazka_id": 3, "odpoved_moja": 8}}, {"model": "tiaprojekt.odpoved", "pk": 3020, "fields": {"pokus_id": 112, "otazka_id": 1, "odpoved_moja": 1}}, {"model": "tiaprojekt.odpoved", "pk": 3021, "fields": {"pokus_id": 112, "otazka_id": 3, "odpoved_moja": 8}}, {"model": "tiaprojekt.odpoved", "pk": 3022, "fields": {"pokus_id": 113, "otazka_id": 1, "odpoved_moja": 1}}, {"model": "tiaprojekt.odpoved", "pk": 3023, "fields": {"pokus_id": 113, "otazka_id": 3, "odpoved_moja": 8}}, {"model": "tiaprojekt.odpoved", "pk": 3024, "fields": {"pokus_id": 114, "otazka_id": 1, "odpoved_moja": 1}}, {"model": "tiaprojekt.odpoved", "pk": 3025, "fields": {"pokus_id": 114, "otazka_id": 3, "odpoved_moja": 8}}, {"model": "tiaprojekt.odpoved", "pk": 3026, "fields": {"pokus_id": 115, "otazka_id": 1, "odpoved_moja": 1}}, {"model": "tiaprojekt.odpoved", "pk": 3027, "fields": {"pokus_id": 115, "otazka_id": 3, "odpoved_moja": 8}}, {"model": "tiaprojekt.odpoved", "pk": 3028, "fields": {"pokus_id": 116, "otazka_id": 1, "odpoved_moja": 1}}, {"model": "tiaprojekt.odpoved", "pk": 3029, "fields": {"pokus_id": 116, "otazka_id": 3, "odpoved_moja": 8}}, {"model": "tiaprojekt.odpoved", "pk": 3030, "fields": {"pokus_id": 117, "otazka_id": 1, "odpoved_moja": 1}}, {"model": "tiaprojekt.odpoved", "pk": 3031, "fields": {"pokus_id": 117, "otazka_id": 3, "odpoved_moja": 8}}, {"model": "tiaprojekt.odpoved", "pk": 3032, "fields": {"pokus_id": 118, "otazka_id": 1, "odpoved_moja": 1}}, {"model": "tiaprojekt.odpoved", "pk": 3033, "fields": {"pokus_id": 118, "otazka_id": 3, "odpoved_moja": 8}}, {"model": "tiaprojekt.odpoved", "pk": 3034, "fields": {"pokus_id": 119, "otazka_id": 1, "odpoved_moja": 1}}, {"model": "tiaprojekt.odpoved", "pk": 3035, "fields": {"pokus_id": 119, "otazka_id": 3, "odpoved_moja": 8}}, {"model": "tiaprojekt.odpoved", "pk": 3036, "fields": {"pokus_id": 120, "otazka_id": 1, "odpoved_moja": 1}}, {"model": "tiaprojekt.odpoved", "pk": 3037, "fields": {"pokus_id": 120, "otazka_id": 3, "odpoved_moja": 7}}, {"model": "auth.permission", "pk": 1, "fields": {"name": "Can add log entry", "content_type": 1, "codename": "add_logentry"}}, {"model": "auth.permission", "pk": 2, "fields": {"name": "Can change log entry", "content_type": 1, "codename": "change_logentry"}}, {"model": "auth.permission", "pk": 3, "fields": {"name": "Can delete log entry", "content_type": 1, "codename": "delete_logentry"}}, {"model": "auth.permission", "pk": 4, "fields": {"name": "Can view log entry", "content_type": 1, "codename": "view_logentry"}}, {"model": "auth.permission", "pk": 5, "fields": {"name": "Can add permission", "content_type": 2, "codename": "add_permission"}}, {"model": "auth.permission", "pk": 6, "fields": {"name": "Can change permission", "content_type": 2, "codename": "change_permission"}}, {"model": "auth.permission", "pk": 7, "fields": {"name": "Can delete permission", "content_type": 2, "codename": "delete_permission"}}, {"model": "auth.permission", "pk": 8, "fields": {"name": "Can view permission", "content_type": 2, "codename": "view_permission"}}, {"model": "auth.permission", "pk": 9, "fields": {"name": "Can add group", "content_type": 3, "codename": "add_group"}}, {"model": "auth.permission", "pk": 10, "fields": {"name": "Can change group", "content_type": 3, "codename": "change_group"}}, {"model": "auth.permission", "pk": 11, "fields": {"name": "Can delete group", "content_type": 3, "codename": "delete_group"}}, {"model": "auth.permission", "pk": 12, "fields": {"name": "Can view group", "content_type": 3, "codename": "view_group"}}, {"model": "auth.permission", "pk": 13, "fields": {"name": "Can add user", "content_type": 4, "codename": "add_user"}}, {"model": "auth.permission", "pk": 14, "fields": {"name": "Can change user", "content_type": 4, "codename": "change_user"}}, {"model": "auth.permission", "pk": 15, "fields": {"name": "Can delete user", "content_type": 4, "codename": "delete_user"}}, {"model": "auth.permission", "pk": 16, "fields": {"name": "Can view user", "content_type": 4, "codename": "view_user"}}, {"model": "auth.permission", "pk": 17, "fields": {"name": "Can add content type", "content_type": 5, "codename": "add_contenttype"}}, {"model": "auth.permission", "pk": 18, "fields": {"name": "Can change content type", "content_type": 5, "codename": "change_contenttype"}}, {"model": "auth.permission", "pk": 19, "fields": {"name": "Can delete content type", "content_type": 5, "codename": "delete_contenttype"}}, {"model": "auth.permission", "pk": 20, "fields": {"name": "Can view content type", "content_type": 5, "codename": "view_contenttype"}}, {"model": "auth.permission", "pk": 21, "fields": {"name": "Can add session", "content_type": 6, "codename": "add_session"}}, {"model": "auth.permission", "pk": 22, "fields": {"name": "Can change session", "content_type": 6, "codename": "change_session"}}, {"model": "auth.permission", "pk": 23, "fields": {"name": "Can delete session", "content_type": 6, "codename": "delete_session"}}, {"model": "auth.permission", "pk": 24, "fields": {"name": "Can view session", "content_type": 6, "codename": "view_session"}}, {"model": "auth.permission", "pk": 25, "fields": {"name": "Can add kviz_def", "content_type": 7, "codename": "add_kviz_def"}}, {"model": "auth.permission", "pk": 26, "fields": {"name": "Can change kviz_def", "content_type": 7, "codename": "change_kviz_def"}}, {"model": "auth.permission", "pk": 27, "fields": {"name": "Can delete kviz_def", "content_type": 7, "codename": "delete_kviz_def"}}, {"model": "auth.permission", "pk": 28, "fields": {"name": "Can view kviz_def", "content_type": 7, "codename": "view_kviz_def"}}, {"model": "auth.permission", "pk": 29, "fields": {"name": "Can add otazka_def", "content_type": 8, "codename": "add_otazka_def"}}, {"model": "auth.permission", "pk": 30, "fields": {"name": "Can change otazka_def", "content_type": 8, "codename": "change_otazka_def"}}, {"model": "auth.permission", "pk": 31, "fields": {"name": "Can delete otazka_def", "content_type": 8, "codename": "delete_otazka_def"}}, {"model": "auth.permission", "pk": 32, "fields": {"name": "Can view otazka_def", "content_type": 8, "codename": "view_otazka_def"}}, {"model": "auth.permission", "pk": 33, "fields": {"name": "Can add odpoved_def", "content_type": 9, "codename": "add_odpoved_def"}}, {"model": "auth.permission", "pk": 34, "fields": {"name": "Can change odpoved_def", "content_type": 9, "codename": "change_odpoved_def"}}, {"model": "auth.permission", "pk": 35, "fields": {"name": "Can delete odpoved_def", "content_type": 9, "codename": "delete_odpoved_def"}}, {"model": "auth.permission", "pk": 36, "fields": {"name": "Can view odpoved_def", "content_type": 9, "codename": "view_odpoved_def"}}, {"model": "auth.permission", "pk": 37, "fields": {"name": "Can add odpoved", "content_type": 10, "codename": "add_odpoved"}}, {"model": "auth.permission", "pk": 38, "fields": {"name": "Can change odpoved", "content_type": 10, "codename": "change_odpoved"}}, {"model": "auth.permission", "pk": 39, "fields": {"name": "Can delete odpoved", "content_type": 10, "codename": "delete_odpoved"}}, {"model": "auth.permission", "pk": 40, "fields": {"name": "Can view odpoved", "content_type": 10, "codename": "view_odpoved"}}, {"model": "auth.permission", "pk": 41, "fields": {"name": "Can add pokus", "content_type": 11, "codename": "add_pokus"}}, {"model": "auth.permission", "pk": 42, "fields": {"name": "Can change pokus", "content_type": 11, "codename": "change_pokus"}}, {"model": "auth.permission", "pk": 43, "fields": {"name": "Can delete pokus", "content_type": 11, "codename": "delete_pokus"}}, {"model": "auth.permission", "pk": 44, "fields": {"name": "Can view pokus", "content_type": 11, "codename": "view_pokus"}}, {"model": "auth.permission", "pk": 45, "fields": {"name": "Can add skusanie", "content_type": 12, "codename": "add_skusanie"}}, {"model": "auth.permission", "pk": 46, "fields": {"name": "Can change skusanie", "content_type": 12, "codename": "change_skusanie"}}, {"model": "auth.permission", "pk": 47, "fields": {"name": "Can delete skusanie", "content_type": 12, "codename": "delete_skusanie"}}, {"model": "auth.permission", "pk": 48, "fields": {"name": "Can view skusanie", "content_type": 12, "codename": "view_skusanie"}}]